{
    "3mlu": {
        "acc_norm": {
            "ar": 0.34268292682926826,
            "bg": 0.2939024390243902,
            "bn": 0.2451219512195122,
            "de": 0.14523809523809522,
            "el": 0.30609756097560975,
            "es": 0.2451219512195122,
            "et": 0.41363636363636364,
            "eu": 0.33,
            "fa": 0.39146341463414636,
            "fi": 0.30609756097560975,
            "fr": 0.28809523809523807,
            "hi": 0.3304878048780488,
            "id": 0.26951219512195124,
            "it": 0.3304878048780488,
            "ja": 0.29,
            "ko": 0.33,
            "lt": 0.3625,
            "mk": 0.3548780487804878,
            "pl": 0.3548780487804878,
            "pt": 0.2573170731707317,
            "ru": 0.23292682926829267,
            "sq": 0.28170731707317076,
            "sr": 0.34268292682926826,
            "ta": 0.2573170731707317,
            "te": 0.4036585365853658,
            "tr": 0.23292682926829267,
            "ur": 0.3192307692307692,
            "vi": 0.23292682926829267,
            "zh": 0.34629629629629627
        },
        "acc_norm_stderr": {
            "ar": 0.05055490001674152,
            "bg": 0.04771495084460434,
            "bn": 0.04403272848041175,
            "de": 0.06563832739090583,
            "el": 0.04849737172946692,
            "es": 0.04403272848041175,
            "et": 0.08503766788122592,
            "eu": 0.052195060344100805,
            "fa": 0.052688948767543556,
            "fi": 0.04849737172946691,
            "fr": 0.05409160326162521,
            "hi": 0.049915285789685265,
            "id": 0.04599068495522258,
            "it": 0.04991528578968525,
            "ja": 0.049647405419265045,
            "ko": 0.052195060344100805,
            "lt": 0.05214921992935759,
            "mk": 0.0511506398053574,
            "pl": 0.051150639805357404,
            "pt": 0.04504273750296656,
            "ru": 0.04295628044484376,
            "sq": 0.046880335750694294,
            "sr": 0.050554900016741525,
            "ta": 0.04504273750296656,
            "te": 0.053122752801931336,
            "tr": 0.04295628044484376,
            "ur": 0.06211083738124581,
            "vi": 0.04295628044484376,
            "zh": 0.051052032415149
        }
    },
    "belebele": {
        "acc_norm": {
            "ar": 0.2677777777777778,
            "bg": 0.28444444444444444,
            "en": 0.3222222222222222,
            "fr": 0.3311111111111111,
            "hi": 0.27555555555555555,
            "it": 0.33666666666666667,
            "mk": 0.27444444444444444,
            "pl": 0.3211111111111111,
            "pt": 0.3422222222222222,
            "ru": 0.2877777777777778,
            "sq": 0.3377777777777778,
            "sw": 0.3222222222222222,
            "te": 0.2788888888888889,
            "th": 0.2733333333333333,
            "tr": 0.3088888888888889,
            "vi": 0.36444444444444446,
            "zh": 0.2777777777777778
        },
        "acc_norm_stderr": {
            "ar": 0.013765500608039466,
            "bg": 0.014129554968110771,
            "en": 0.014845038794433952,
            "fr": 0.01499305194369019,
            "hi": 0.013939334910458142,
            "it": 0.015081863703787808,
            "mk": 0.013914930474237287,
            "pl": 0.014826016446581956,
            "pt": 0.015167892258806999,
            "ru": 0.014198634809308183,
            "sq": 0.01509929052672759,
            "sw": 0.014845038794433947,
            "te": 0.014011705158884507,
            "th": 0.013890384297198731,
            "tr": 0.014608933836168467,
            "vi": 0.015485079682471425,
            "zh": 0.01398772152368795
        }
    },
    "exams": {
        "acc_norm": {
            "ar": 0.31124528056627293,
            "bg": 0.29919345627710037,
            "de": 0.3370072275954278,
            "es": 0.3872827804107425,
            "fr": 0.22984597102244164,
            "it": 0.3292852103070866,
            "lt": 0.2822424497527097,
            "pt": 0.3130116990030783,
            "sq": 0.30864449859906073,
            "sr": 0.3070053235041569,
            "tr": 0.29642476184042454,
            "vi": 0.28193932761314294
        },
        "acc_norm_stderr": {
            "ar": 0.05053061992459772,
            "bg": 0.028212184293137738,
            "de": 0.10727798077382307,
            "es": 0.06550612275580898,
            "fr": 0.04272929020776828,
            "it": 0.0789289002680237,
            "lt": 0.04276602180457558,
            "pt": 0.04339184589383441,
            "sq": 0.05069333286975632,
            "sr": 0.07448121498607173,
            "tr": 0.045876132046864,
            "vi": 0.03203996422388426
        }
    },
    "m3exam": {
        "acc_norm": {
            "en": 0.355,
            "it": 0.3903205918618989,
            "sw": 0.28185011709601876,
            "th": 0.263,
            "vi": 0.307,
            "zh": 0.3290014684287812
        },
        "acc_norm_stderr": {
            "en": 0.01456664639466439,
            "it": 0.01664823004779435,
            "sw": 0.020446635012392654,
            "th": 0.01295371756673723,
            "vi": 0.013825416526895035,
            "zh": 0.01719950619346569
        }
    },
    "m_mmlu": {
        "acc_norm": {
            "ar": 0.3086741710667353,
            "bn": 0.30361499801176767,
            "ca": 0.30054401112734574,
            "de": 0.30210780500552714,
            "en": 0.3077635702189598,
            "es": 0.3109741099112697,
            "eu": 0.29601395156972693,
            "fr": 0.2935491835876925,
            "hi": 0.30863750454190203,
            "id": 0.29699427741124756,
            "it": 0.30236868944934525,
            "pt": 0.2999632685332096,
            "ru": 0.30169704590431323,
            "ta": 0.30874680465813875,
            "te": 0.3046377298319236,
            "vi": 0.2967512627931744,
            "zh": 0.30901821962406173
        },
        "acc_norm_stderr": {
            "ar": 0.03327377297549102,
            "bn": 0.03432231713569758,
            "ca": 0.03301447125181309,
            "de": 0.03287824957703167,
            "en": 0.03318314282385713,
            "es": 0.033271490931295125,
            "eu": 0.03393763931492955,
            "fr": 0.0325251896615345,
            "hi": 0.03396753294479791,
            "id": 0.03270069726434541,
            "it": 0.032887461747915944,
            "pt": 0.03270182518825367,
            "ru": 0.032881249594131745,
            "ta": 0.036608509617934194,
            "te": 0.03545452863420692,
            "vi": 0.03276916670192814,
            "zh": 0.03289325954554174
        }
    },
    "m_truthfulqa": {
        "acc_norm": {
            "ar": 0.3811772315653299,
            "bn": 0.15755441741357235,
            "ca": 0.346010296010296,
            "de": 0.3177664974619289,
            "en": 0.3523255813953488,
            "es": 0.3453105196451204,
            "eu": 0.3277777777777778,
            "fr": 0.28252858958068616,
            "hi": 0.18324708926261318,
            "id": 0.3250642673521851,
            "it": 0.3450191570881226,
            "pt": 0.31395939086294417,
            "ru": 0.2987309644670051,
            "sr": 0.32770700636942673,
            "sv": 0.34974160206718347,
            "ta": 0.17382234185733514,
            "te": 0.17198581560283688,
            "vi": 0.23853503184713376,
            "zh": 0.10583756345177665
        },
        "acc_norm_stderr": {
            "ar": 0.016938584309710385,
            "bn": 0.011093221810591102,
            "ca": 0.016387235755424303,
            "de": 0.01578394469591768,
            "en": 0.016077509266133022,
            "es": 0.016250818668641927,
            "eu": 0.016109958670672855,
            "fr": 0.015068083174210095,
            "hi": 0.012231166259368643,
            "id": 0.016019772056881168,
            "it": 0.016308363772932728,
            "pt": 0.015712022074186698,