{
    "3mlu": {
        "acc_norm": {
            "ar": 0.3548780487804878,
            "bg": 0.30609756097560975,
            "bn": 0.2573170731707317,
            "de": 0.28809523809523807,
            "el": 0.3182926829268293,
            "es": 0.28170731707317076,
            "et": 0.3833333333333333,
            "eu": 0.29,
            "fa": 0.39146341463414636,
            "fi": 0.2939024390243902,
            "fr": 0.2722222222222222,
            "hi": 0.3304878048780488,
            "id": 0.26951219512195124,
            "it": 0.3304878048780488,
            "ja": 0.29,
            "ko": 0.3433333333333333,
            "lt": 0.35,
            "mk": 0.34268292682926826,
            "pl": 0.28170731707317076,
            "pt": 0.2573170731707317,
            "ru": 0.2451219512195122,
            "sq": 0.2939024390243902,
            "sr": 0.3548780487804878,
            "ta": 0.2573170731707317,
            "te": 0.39146341463414636,
            "tr": 0.18414634146341463,
            "ur": 0.3192307692307692,
            "vi": 0.2573170731707317,
            "zh": 0.3216049382716049
        },
        "acc_norm_stderr": {
            "ar": 0.051150639805357404,
            "bg": 0.0484973717294669,
            "bn": 0.04504273750296657,
            "de": 0.09523809523809523,
            "el": 0.04923008705849577,
            "es": 0.046880335750694294,
            "et": 0.08333333333333331,
            "eu": 0.049647405419265045,
            "fa": 0.05268894876754356,
            "fi": 0.04771495084460434,
            "fr": 0.05279899592349908,
            "hi": 0.049915285789685265,
            "id": 0.04599068495522258,
            "it": 0.04991528578968525,
            "ja": 0.049647405419265045,
            "ko": 0.05292637528870838,
            "lt": 0.0515580046947248,
            "mk": 0.050554900016741525,
            "pl": 0.046880335750694294,
            "pt": 0.04504273750296658,
            "ru": 0.04403272848041175,
            "sq": 0.047714950844604344,
            "sr": 0.05115063980535739,
            "ta": 0.04504273750296656,
            "te": 0.05268894876754358,
            "tr": 0.03786771981702472,
            "ur": 0.06211083738124581,
            "vi": 0.04504273750296658,
            "zh": 0.0497287260768465
        }
    },
    "belebele": {
        "acc_norm": {
            "ar": 0.2688888888888889,
            "bg": 0.2788888888888889,
            "en": 0.33666666666666667,
            "fr": 0.3233333333333333,
            "hi": 0.2722222222222222,
            "it": 0.3333333333333333,
            "mk": 0.27444444444444444,
            "pl": 0.3188888888888889,
            "pt": 0.3322222222222222,
            "ru": 0.2888888888888889,
            "sq": 0.3377777777777778,
            "sw": 0.32555555555555554,
            "te": 0.27666666666666667,
            "th": 0.2733333333333333,
            "tr": 0.3044444444444444,
            "vi": 0.3466666666666667,
            "zh": 0.2788888888888889
        },
        "acc_norm_stderr": {
            "ar": 0.013790766978256945,
            "bg": 0.0140117051588845,
            "en": 0.015081863703787807,
            "fr": 0.01486394440941747,
            "hi": 0.013865695626579366,
            "it": 0.0150289137555369,
            "mk": 0.013914930474237287,
            "pl": 0.014787619747567614,
            "pt": 0.015011039301019245,
            "ru": 0.0142213937312762,
            "sq": 0.015099290526727592,
            "sw": 0.014901407215241906,
            "te": 0.01396359834903047,
            "th": 0.013890384297198731,
            "tr": 0.014526354751055178,
            "vi": 0.015234742930687582,
            "zh": 0.01401170515888451
        }
    },
    "exams": {
        "acc_norm": {
            "ar": 0.3189847973671616,
            "bg": 0.29939406441134575,
            "de": 0.35938607092085373,
            "es": 0.40574644549763034,
            "fr": 0.23301872419519476,
            "it": 0.3044377156923306,
            "lt": 0.29247606019151845,
            "pt": 0.33951290632325115,
            "sq": 0.3062434271162365,
            "sr": 0.3112387915681758,
            "tr": 0.3007536570749678,
            "vi": 0.28302909773823487
        },
        "acc_norm_stderr": {
            "ar": 0.05099311999707044,
            "bg": 0.028241931161486388,
            "de": 0.10888773918147134,
            "es": 0.06677643715725025,
            "fr": 0.04338647451700699,
            "it": 0.07656894923082386,
            "lt": 0.04468785372592199,
            "pt": 0.044674841455933006,
            "sq": 0.05032499476824548,
            "sr": 0.07508459163354678,
            "tr": 0.04686346406968946,
            "vi": 0.03291718408337302
        }
    },
    "m3exam": {
        "acc_norm": {
            "en": 0.33699999999999997,
            "it": 0.39155363748458694,
            "sw": 0.28185011709601876,
            "th": 0.267,
            "vi": 0.304,
            "zh": 0.32606461086637295
        },
        "acc_norm_stderr": {
            "en": 0.014312087053809963,
            "it": 0.016662768070163057,
            "sw": 0.020446635012392654,
            "th": 0.01304151375727071,
            "vi": 0.01377220656516854,
            "zh": 0.017143552273358287
        }
    },
    "m_mmlu": {
        "acc_norm": {
            "ar": 0.3081480845409445,
            "bn": 0.3024917270549286,
            "ca": 0.29633763231383226,
            "de": 0.297692935232251,
            "en": 0.3066470908381719,
            "es": 0.3032115542628817,
            "eu": 0.309866000718309,
            "fr": 0.2946768767056368,
            "hi": 0.3085979006654517,
            "id": 0.2972262903259405,
            "it": 0.3037039449898437,
            "pt": 0.3038904199155751,
            "ru": 0.301678141488796,
            "ta": 0.3049437199546967,
            "te": 0.3031062657819709,
            "vi": 0.2958662597679006,
            "zh": 0.30647741215577784
        },
        "acc_norm_stderr": {
            "ar": 0.03331754528228782,
            "bn": 0.034293793436750104,
            "ca": 0.03280473100743734,
            "de": 0.032724465334399086,
            "en": 0.03309074724642008,
            "es": 0.03291521748814914,
            "eu": 0.034632631235502795,
            "fr": 0.03262492821358393,
            "hi": 0.03393535105320444,
            "id": 0.03266141877615573,
            "it": 0.032960602057748,
            "pt": 0.032915901344660214,
            "ru": 0.032894653479320905,
            "ta": 0.036386821983569205,
            "te": 0.03537073027801068,
            "vi": 0.032651913795198266,
            "zh": 0.032790727239878026
        }
    },
    "m_truthfulqa": {
        "acc_norm": {
            "ar": 0.3721216041397154,
            "bn": 0.15755441741357235,
            "ca": 0.3472972972972973,
            "de": 0.3317258883248731,
            "en": 0.3608935128518972,
            "es": 0.3389733840304182,
            "eu": 0.31744186046511624,
            "fr": 0.2888818297331639,
            "hi": 0.18195342820181115,
            "id": 0.3314910025706941,
            "it": 0.33480204342273306,
            "pt": 0.3114213197969543,
            "ru": 0.31015228426395935,
            "sr": 0.31751592356687897,
            "sv": 0.3445736434108527,
            "ta": 0.17516823687752353,
            "te": 0.174822695035461,
            "vi": 0.25,
            "zh": 0.10329949238578681
        },
        "acc_norm_stderr": {
            "ar": 0.016818109390757754,
            "bn": 0.0110932218105911,
            "ca": 0.01640780295564313,
            "de": 0.01603507956279134,
            "en": 0.016203316673559696,
            "es": 0.016147628236226067,
            "eu": 0.01592010744729262,
            "fr": 0.015209198584184305,
            "hi": 0.012180726780706336,
            "id": 0.016133844059043858,
            "it": 0.01613917409652256,
            "pt": 0.015663236984228637,
            "ru": 0.01563859109563326,