{
    "3mlu": {
        "acc_norm": {
            "ar": 0.3548780487804878,
            "bg": 0.30609756097560975,
            "bn": 0.28170731707317076,
            "de": 0.09761904761904762,
            "el": 0.2939024390243902,
            "es": 0.28170731707317076,
            "et": 0.4439393939393939,
            "eu": 0.31666666666666665,
            "fa": 0.42804878048780487,
            "fi": 0.3182926829268293,
            "fr": 0.35158730158730156,
            "hi": 0.34268292682926826,
            "id": 0.2451219512195122,
            "it": 0.2939024390243902,
            "ja": 0.29,
            "ko": 0.33,
            "lt": 0.325,
            "mk": 0.3548780487804878,
            "pl": 0.26951219512195124,
            "pt": 0.3182926829268293,
            "ru": 0.23292682926829267,
            "sq": 0.2939024390243902,
            "sr": 0.37926829268292683,
            "ta": 0.20853658536585368,
            "te": 0.37926829268292683,
            "tr": 0.2573170731707317,
            "ur": 0.3192307692307692,
            "vi": 0.30609756097560975,
            "zh": 0.34629629629629627
        },
        "acc_norm_stderr": {
            "ar": 0.0511506398053574,
            "bg": 0.04849737172946691,
            "bn": 0.046880335750694294,
            "de": 0.047619047619047644,
            "el": 0.04771495084460432,
            "es": 0.046880335750694294,
            "et": 0.08637692614387409,
            "eu": 0.05140664006373733,
            "fa": 0.05387776518176437,
            "fi": 0.049230087058495776,
            "fr": 0.058286334522545336,
            "hi": 0.050554900016741525,
            "id": 0.04403272848041174,
            "it": 0.04771495084460433,
            "ja": 0.049647405419265045,
            "ko": 0.052195060344100805,
            "lt": 0.05023678111916797,
            "mk": 0.05115063980535739,
            "pl": 0.04599068495522257,
            "pt": 0.04923008705849577,
            "ru": 0.04295628044484376,
            "sq": 0.047714950844604344,
            "sr": 0.0522163925961997,
            "ta": 0.04058259927336571,
            "te": 0.052216392596199715,
            "tr": 0.04504273750296658,
            "ur": 0.062110837381245815,
            "vi": 0.04849737172946691,
            "zh": 0.05105203241514901
        }
    },
    "belebele": {
        "acc_norm": {
            "ar": 0.2677777777777778,
            "bg": 0.2777777777777778,
            "en": 0.31666666666666665,
            "fr": 0.32666666666666666,
            "hi": 0.26666666666666666,
            "it": 0.31777777777777777,
            "mk": 0.2677777777777778,
            "pl": 0.31,
            "pt": 0.31666666666666665,
            "ru": 0.29,
            "sq": 0.3611111111111111,
            "sw": 0.33,
            "te": 0.27111111111111114,
            "th": 0.2722222222222222,
            "tr": 0.28,
            "vi": 0.3277777777777778,
            "zh": 0.27444444444444444
        },
        "acc_norm_stderr": {
            "ar": 0.013765500608039466,
            "bg": 0.013987721523687944,
            "en": 0.014748750651470894,
            "fr": 0.014919965280947375,
            "hi": 0.01374008783070018,
            "it": 0.014768244481214544,
            "mk": 0.013765500608039471,
            "pl": 0.014629271097998374,
            "pt": 0.014748750651470884,
            "ru": 0.014244019879792642,
            "sq": 0.015440185195103377,
            "sw": 0.014974951276705712,
            "te": 0.013840863699859523,
            "th": 0.013865695626579366,
            "tr": 0.014035549969945587,
            "vi": 0.014938408363642786,
            "zh": 0.013914930474237287
        }
    },
    "exams": {
        "acc_norm": {
            "ar": 0.3224463358287,
            "bg": 0.30901267854550873,
            "de": 0.24277071528563432,
            "es": 0.3010860979462875,
            "fr": 0.3331413684354861,
            "it": 0.29745326185275317,
            "lt": 0.2621698411028096,
            "pt": 0.3347481395972775,
            "sq": 0.29613504660881057,
            "sr": 0.29348584473243045,
            "tr": 0.2977398401176246,
            "vi": 0.27385175264378
        },
        "acc_norm_stderr": {
            "ar": 0.051197519455069174,
            "bg": 0.02862642893416098,
            "de": 0.0839859856575685,
            "es": 0.058057464490783015,
            "fr": 0.14462551665829282,
            "it": 0.07111595482740408,
            "lt": 0.04030146869197162,
            "pt": 0.0441164147168385,
            "sq": 0.04948414654580343,
            "sr": 0.07087808647431071,
            "tr": 0.047280502651127196,
            "vi": 0.03175439532743001
        }
    },
    "m3exam": {
        "acc_norm": {
            "en": 0.306,
            "it": 0.37675709001233043,
            "sw": 0.31697892271662764,
            "th": 0.256,
            "vi": 0.31,
            "zh": 0.3201908957415565
        },
        "acc_norm_stderr": {
            "en": 0.013807775152234188,
            "it": 0.016479950187919368,
            "sw": 0.02143344199012111,
            "th": 0.012795613612786538,
            "vi": 0.013877773329774166,
            "zh": 0.01702885853312182
        }
    },
    "m_mmlu": {
        "acc_norm": {
            "ar": 0.3092151616172881,
            "bn": 0.30799012942636894,
            "ca": 0.30588849446326294,
            "de": 0.30510815217686954,
            "en": 0.30122506453003756,
            "es": 0.30565550746691744,
            "eu": 0.3036502375893287,
            "fr": 0.2896461546246135,
            "hi": 0.31136099009263346,
            "id": 0.29682647721859806,
            "it": 0.2981098768439481,
            "pt": 0.3049990113099783,
            "ru": 0.3087263190580405,
            "ta": 0.3136679022766173,
            "te": 0.3111539048348584,
            "vi": 0.2994778916499847,
            "zh": 0.3094855403834049
        },
        "acc_norm_stderr": {
            "ar": 0.03329982413703597,
            "bn": 0.03459162367839955,
            "ca": 0.033184537540555545,
            "de": 0.03308630744000222,
            "en": 0.0329277310654263,
            "es": 0.03307184663128367,
            "eu": 0.034397130082669106,
            "fr": 0.03244752285280396,
            "hi": 0.03422584025509468,
            "id": 0.03284637607094238,
            "it": 0.03280263072663888,
            "pt": 0.033008340680701596,
            "ru": 0.03323826619849664,
            "ta": 0.036888782890686284,
            "te": 0.03601138164371152,
            "vi": 0.03296352136396046,
            "zh": 0.032990449129566134
        }
    },
    "m_truthfulqa": {
        "acc_norm": {
            "ar": 0.38247089262613193,
            "bn": 0.1588348271446863,
            "ca": 0.36402831402831404,
            "de": 0.33553299492385785,
            "en": 0.35110159118727047,
            "es": 0.34784537389100123,
            "eu": 0.31873385012919897,
            "fr": 0.3104828462515883,
            "hi": 0.18454075032341527,
            "id": 0.31735218508997426,
            "it": 0.32458492975734354,
            "pt": 0.3050761421319797,
            "ru": 0.30253807106598984,
            "sr": 0.3378980891719745,
            "sv": 0.3239018087855297,
            "ta": 0.18055181695827727,
            "te": 0.174822695035461,
            "vi": 0.24363057324840764,
            "zh": 0.10203045685279188
        },
        "acc_norm_stderr": {
            "ar": 0.01695521371900518,
            "bn": 0.011151049596745033,
            "ca": 0.016661213833735658,
            "de": 0.016100222311899753,
            "en": 0.016058999026100626,
            "es": 0.016291035930964357,
            "eu": 0.01594443650710253,
            "fr": 0.015654976408037504,
            "hi": 0.012281222071825618,
            "id": 0.015877385479020414,
            "it": 0.01595982993308402,
            "pt": 0.01553829976712931,
            "ru": 0.01548711780648819,